{"pastry": {"n_estimators": 268, "max_depth": 7, "num_leaves": 49, "learning_rate": 0.028653791537353486, "min_child_samples": 220, "min_child_weight": 8.161362867207485, "subsample": 0.760539624867179, "colsample_bylevel": 0.3429426696675202, "reg_alpha": 0.04055795119180882, "reg_lambda": 0.01665388610630641}, "z_scratch": {"n_estimators": 265, "max_depth": 13, "num_leaves": 8, "learning_rate": 0.03461234781966777, "min_child_samples": 255, "min_child_weight": 1.365880337903996, "subsample": 0.6908677960779537, "colsample_bylevel": 0.5138634419662875, "reg_alpha": 0.054810677706088065, "reg_lambda": 0.08997659015493092}, "k_scatch": {"n_estimators": 150, "max_depth": 26, "num_leaves": 102, "learning_rate": 0.0423799474213789, "min_child_samples": 378, "min_child_weight": 3.8317578127103626, "subsample": 0.7185052956099005, "colsample_bylevel": 0.3366388679181283, "reg_alpha": 0.07599238165092129, "reg_lambda": 0.026415767219692292}, "stains": {"n_estimators": 418, "max_depth": 4, "num_leaves": 44, "learning_rate": 0.019161679455255404, "min_child_samples": 489, "min_child_weight": 2.173206686918877, "subsample": 0.7764386593790643, "colsample_bylevel": 0.5690313422472855, "reg_alpha": 0.04180822969427742, "reg_lambda": 0.08799159007108397}, "dirtiness": {"n_estimators": 188, "max_depth": 30, "num_leaves": 73, "learning_rate": 0.02115388831104079, "min_child_samples": 263, "min_child_weight": 0.617503659403732, "subsample": 0.4957757520782567, "colsample_bylevel": 0.34818985975053823, "reg_alpha": 0.004286229010028306, "reg_lambda": 0.08480311757327265}, "bumps": {"n_estimators": 151, "max_depth": 40, "num_leaves": 106, "learning_rate": 0.0355213389975381, "min_child_samples": 337, "min_child_weight": 0.48855799229320973, "subsample": 0.40134060007182953, "colsample_bylevel": 0.5941070215201912, "reg_alpha": 0.06679392762837526, "reg_lambda": 0.04340755197408032}, "other_faults": {"n_estimators": 349, "max_depth": 36, "num_leaves": 21, "learning_rate": 0.01411406314206037, "min_child_samples": 264, "min_child_weight": 6.2942666521980675, "subsample": 0.6133491463732469, "colsample_bylevel": 0.5833018776480303, "reg_alpha": 0.05266834939382729, "reg_lambda": 0.005823354468374447}}