{
    "pastry": 0.8719346610914931,
    "z_scratch": 0.9614636187840118,
    "k_scatch": 0.9861060189207164,
    "stains": 0.9928379881879204,
    "dirtiness": 0.8966676031071316,
    "bumps": 0.8113068596570112,
    "other_faults": 0.7103917057756547
}