{
    "pastry": {
        "4": {
            "n_estimators": 307,
            "max_depth": 63,
            "max_leaves": 25,
            "learning_rate": 0.03157661441708786,
            "gamma": 1.0399818955502331,
            "min_child_weight": 0.7267824719999009,
            "subsample": 0.7429283205677135,
            "colsample_bytree": 0.3483354941019946,
            "reg_alpha": 0.05378652837786252,
            "reg_lambda": 0.025436887505121603
        },
        "5": {
            "n_estimators": 495,
            "max_depth": 48,
            "max_leaves": 13,
            "learning_rate": 0.027999969771781333,
            "gamma": 3.689588101792949,
            "min_child_weight": 3.0376001802064385,
            "subsample": 0.6542775241334499,
            "colsample_bytree": 0.40346449209232427,
            "reg_alpha": 0.07343598395873406,
            "reg_lambda": 0.016295572526676558
        },
        "7": {
            "n_estimators": 419,
            "max_depth": 52,
            "max_leaves": 12,
            "learning_rate": 0.029399342023452468,
            "gamma": 1.3959460623988993,
            "min_child_weight": 1.855370073526994,
            "subsample": 0.651143223027659,
            "colsample_bytree": 0.6091173637441656,
            "reg_alpha": 0.05975782202150095,
            "reg_lambda": 0.06839380550351139
        }
    },
    "z_scratch": {
        "4": {
            "n_estimators": 363,
            "max_depth": 29,
            "max_leaves": 101,
            "learning_rate": 0.028710459495044548,
            "gamma": 5.500396435982052,
            "min_child_weight": 3.6613686200236,
            "subsample": 0.8187330621446619,
            "colsample_bytree": 0.3553426951353354,
            "reg_alpha": 0.003269008526744519,
            "reg_lambda": 0.08955471774787718
        },
        "5": {
            "n_estimators": 493,
            "max_depth": 3,
            "max_leaves": 36,
            "learning_rate": 0.02390883310966151,
            "gamma": 0.7614405083608445,
            "min_child_weight": 4.944324944374115,
            "subsample": 0.6607161356989116,
            "colsample_bytree": 0.3300294419012776,
            "reg_alpha": 0.003618227321592494,
            "reg_lambda": 0.00823442020875511
        },
        "7": {
            "n_estimators": 391,
            "max_depth": 20,
            "max_leaves": 16,
            "learning_rate": 0.030241092623498556,
            "gamma": 5.103267255943938,
            "min_child_weight": 4.609373848980168,
            "subsample": 0.812191517799933,
            "colsample_bytree": 0.34021523595462616,
            "reg_alpha": 0.02986505274202414,
            "reg_lambda": 0.08081357557677994
        }
    },
    "k_scatch": {
        "4": {
            "n_estimators": 500,
            "max_depth": 57,
            "max_leaves": 61,
            "learning_rate": 0.014326348945046627,
            "gamma": 3.506163177969928,
            "min_child_weight": 9.741291830899003,
            "subsample": 0.8170107776807365,
            "colsample_bytree": 0.33030842061069804,
            "reg_alpha": 0.07087171640650614,
            "reg_lambda": 0.09172285826557489
        },
        "5": {
            "n_estimators": 279,
            "max_depth": 8,
            "max_leaves": 67,
            "learning_rate": 0.039168898232075845,
            "gamma": 3.3319588323195215,
            "min_child_weight": 9.319443159218224,
            "subsample": 0.7072777653816685,
            "colsample_bytree": 0.33741562805168707,
            "reg_alpha": 0.06790198518697228,
            "reg_lambda": 0.08487963051045194
        },
        "7": {
            "n_estimators": 474,
            "max_depth": 13,
            "max_leaves": 106,
            "learning_rate": 0.02386508302776845,
            "gamma": 3.4798100335560123,
            "min_child_weight": 9.991080100154905,
            "subsample": 0.7088890739143994,
            "colsample_bytree": 0.33017784970253594,
            "reg_alpha": 0.05530935784174906,
            "reg_lambda": 0.03509249123390519
        }
    },
    "stains": {
        "4": {
            "n_estimators": 362,
            "max_depth": 33,
            "max_leaves": 73,
            "learning_rate": 0.04056784838698574,
            "gamma": 3.4533712347499836,
            "min_child_weight": 2.264923157991518,
            "subsample": 0.6180227248905324,
            "colsample_bytree": 0.3364687816208653,
            "reg_alpha": 0.007850294288012566,
            "reg_lambda": 0.0857587555841801
        },
        "5": {
            "n_estimators": 424,
            "max_depth": 17,
            "max_leaves": 92,
            "learning_rate": 0.037962459002523485,
            "gamma": 3.5445571121428876,
            "min_child_weight": 1.523676574288448,
            "subsample": 0.5555818137809972,
            "colsample_bytree": 0.3308913229941467,
            "reg_alpha": 0.03868752044043946,
            "reg_lambda": 0.08637064115311961
        },
        "7": {
            "n_estimators": 484,
            "max_depth": 8,
            "max_leaves": 123,
            "learning_rate": 0.02848315438696359,
            "gamma": 4.160842890926687,
            "min_child_weight": 4.773056839212447,
            "subsample": 0.7563655246698359,
            "colsample_bytree": 0.3604042821313164,
            "reg_alpha": 0.08443928508596646,
            "reg_lambda": 0.04748585549352116
        }
    },
    "dirtiness": {
        "4": {
            "n_estimators": 331,
            "max_depth": 44,
            "max_leaves": 68,
            "learning_rate": 0.023559107281281813,
            "gamma": 3.0215476892840067,
            "min_child_weight": 2.079733612991981,
            "subsample": 0.8352549997158875,
            "colsample_bytree": 0.3483576646502894,
            "reg_alpha": 0.013618045910800777,
            "reg_lambda": 0.015297995208899691
        },
        "5": {
            "n_estimators": 477,
            "max_depth": 10,
            "max_leaves": 45,
            "learning_rate": 0.00869478210270461,
            "gamma": 0.21247908287084993,
            "min_child_weight": 1.12837400343461,
            "subsample": 0.5394924740070687,
            "colsample_bytree": 0.3429296857544535,
            "reg_alpha": 0.056434713397218235,
            "reg_lambda": 0.08135761931940637
        },
        "7": {
            "n_estimators": 279,
            "max_depth": 64,
            "max_leaves": 16,
            "learning_rate": 0.031159201351338366,
            "gamma": 0.8117454841617732,
            "min_child_weight": 0.9727002988294008,
            "subsample": 0.6991566705334706,
            "colsample_bytree": 0.38078636745421274,
            "reg_alpha": 0.010149004901115581,
            "reg_lambda": 0.05336617188140279
        }
    },
    "bumps": {
        "4": {
            "n_estimators": 322,
            "max_depth": 7,
            "max_leaves": 128,
            "learning_rate": 0.02581250044506497,
            "gamma": 4.672543115338279,
            "min_child_weight": 2.2096540087715573,
            "subsample": 0.7931776768686256,
            "colsample_bytree": 0.6575982289717204,
            "reg_alpha": 0.025680741591858913,
            "reg_lambda": 0.06565938966993896
        },
        "5": {
            "n_estimators": 373,
            "max_depth": 39,
            "max_leaves": 43,
            "learning_rate": 0.024791221564822007,
            "gamma": 6.020471472842654,
            "min_child_weight": 3.6959110505637303,
            "subsample": 0.8388012962942065,
            "colsample_bytree": 0.5783434214170311,
            "reg_alpha": 0.0012894117739213414,
            "reg_lambda": 0.08338875400186561
        },
        "7": {
            "n_estimators": 308,
            "max_depth": 52,
            "max_leaves": 23,
            "learning_rate": 0.024558823752402224,
            "gamma": 3.6160525934891403,