{"pastry": {"8": {"n_estimators": 493, "max_depth": 60, "max_leaves": 8, "learning_rate": 0.023265780103350474, "gamma": 4.095621981110262, "min_child_weight": 2.9580137555190538, "subsample": 0.41327445892337167, "colsample_bytree": 0.5630018690122591, "reg_alpha": 0.0970416280371332, "reg_lambda": 0.05262839879316565}}, "z_scratch": {"8": {"n_estimators": 374, "max_depth": 3, "max_leaves": 98, "learning_rate": 0.037315497818383, "gamma": 0.34216296417216596, "min_child_weight": 6.35114673324266, "subsample": 0.741109039256775, "colsample_bytree": 0.35797026805816723, "reg_alpha": 0.098595715149179, "reg_lambda": 0.0844553553179558}}, "k_scatch": {"8": {"n_estimators": 459, "max_depth": 47, "max_leaves": 37, "learning_rate": 0.023593192133473537, "gamma": 3.045507657227121, "min_child_weight": 8.884895267493029, "subsample": 0.8405096878435124, "colsample_bytree": 0.3523520144168704, "reg_alpha": 0.0027886923287175, "reg_lambda": 0.06969327608483857}}, "stains": {"8": {"n_estimators": 446, "max_depth": 32, "max_leaves": 55, "learning_rate": 0.022477045975716283, "gamma": 1.6070917463117893, "min_child_weight": 1.6074871352784186, "subsample": 0.787667782061463, "colsample_bytree": 0.34150230561768496, "reg_alpha": 0.01184472717010903, "reg_lambda": 0.09484181924924273}}, "dirtiness": {"8": {"n_estimators": 328, "max_depth": 39, "max_leaves": 73, "learning_rate": 0.019232675748792706, "gamma": 2.6860246162933406, "min_child_weight": 3.343195412147216, "subsample": 0.8369595663700699, "colsample_bytree": 0.3391884255578665, "reg_alpha": 0.021868186696192764, "reg_lambda": 0.07471978526951817}}, "bumps": {"8": {"n_estimators": 455, "max_depth": 40, "max_leaves": 40, "learning_rate": 0.015998962072325623, "gamma": 4.964267048837863, "min_child_weight": 5.165330056355654, "subsample": 0.80587988971957, "colsample_bytree": 0.6890546501837199, "reg_alpha": 0.05266212909614412, "reg_lambda": 0.09375208997146724}}, "other_faults": {"8": {"n_estimators": 440, "max_depth": 44, "max_leaves": 90, "learning_rate": 0.010935499881018825, "gamma": 6.143550884660742, "min_child_weight": 1.212660853075035, "subsample": 0.7574848568021401, "colsample_bytree": 0.6131829930394286, "reg_alpha": 0.06910036338725897, "reg_lambda": 0.004453706000243483}}}