{
    "pastry": {
        "8": 0.8718805289258797
    },
    "z_scratch": {
        "8": 0.9610154842078904
    },
    "k_scatch": {
        "8": 0.9861393751670559
    },
    "stains": {
        "8": 0.9927694558697684
    },
    "dirtiness": {
        "8": 0.8963041608221399
    },
    "bumps": {
        "8": 0.8117011880090118
    },
    "other_faults": {
        "8": 0.7097946557491299
    }
}