{
    "pastry": {
        "4": 0.87316342526509,
        "5": 0.8723859380558331,
        "7": 0.8718382015595232
    },
    "z_scratch": {
        "4": 0.9613890153078358,
        "5": 0.9615976308667188,
        "7": 0.9612414577306605
    },
    "k_scatch": {
        "4": 0.9860858535887431,
        "5": 0.9860992844372543,
        "7": 0.9861330613828573
    },
    "stains": {
        "4": 0.9929431745506421,
        "5": 0.9928315474707956,
        "7": 0.992771472558994
    },
    "dirtiness": {
        "4": 0.896228905082517,
        "5": 0.8965788929674312,
        "7": 0.8962361142448083
    },
    "bumps": {
        "4": 0.8112450626879427,
        "5": 0.8113776963214827,
        "7": 0.8117126719857447
    },
    "other_faults": {
        "4": 0.709829411188906,
        "5": 0.7101061980300873,
        "7": 0.709844412440002
    }
}