{
    "pastry": {
        "2": {
            "n_estimators": 483,
            "max_depth": 52,
            "max_leaves": 17,
            "learning_rate": 0.015230622956399384,
            "gamma": 2.5055888904153765,
            "min_child_weight": 3.262381025233426,
            "subsample": 0.6181778467331503,
            "colsample_bytree": 0.3739495154437551,
            "reg_alpha": 0.07145102284633065,
            "reg_lambda": 0.04866551712686861
        },
        "3": {
            "n_estimators": 408,
            "max_depth": 30,
            "max_leaves": 21,
            "learning_rate": 0.02282531825377569,
            "gamma": 0.4161024674967808,
            "min_child_weight": 4.851012324759115,
            "subsample": 0.8211902101935264,
            "colsample_bytree": 0.3474131742027011,
            "reg_alpha": 0.08463136717387403,
            "reg_lambda": 0.05093181264671804
        }
    },
    "z_scratch": {
        "2": {
            "n_estimators": 258,
            "max_depth": 14,
            "max_leaves": 105,
            "learning_rate": 0.0686429949157261,
            "gamma": 5.678309189193563,
            "min_child_weight": 3.7036291527497767,
            "subsample": 0.8331430688624919,
            "colsample_bytree": 0.3427504940302369,
            "reg_alpha": 0.0142707732923243,
            "reg_lambda": 0.06838172884434131
        },
        "3": {
            "n_estimators": 432,
            "max_depth": 55,
            "max_leaves": 115,
            "learning_rate": 0.06529980192070559,
            "gamma": 5.362603259615877,
            "min_child_weight": 4.30074496914364,
            "subsample": 0.8336573210243563,
            "colsample_bytree": 0.3536260623757612,
            "reg_alpha": 0.022102431393344023,
            "reg_lambda": 0.045466093412712585
        }
    },
    "k_scatch": {
        "2": {
            "n_estimators": 466,
            "max_depth": 54,
            "max_leaves": 120,
            "learning_rate": 0.018333396676825486,
            "gamma": 2.810047246360613,
            "min_child_weight": 9.312036394733259,
            "subsample": 0.8136044972522559,
            "colsample_bytree": 0.34380277989188146,
            "reg_alpha": 0.08623718928861977,
            "reg_lambda": 0.005766254163881839
        },
        "3": {
            "n_estimators": 481,
            "max_depth": 13,
            "max_leaves": 81,
            "learning_rate": 0.013065679422272426,
            "gamma": 3.3293417843882738,
            "min_child_weight": 6.797548032933406,
            "subsample": 0.8036408605863453,
            "colsample_bytree": 0.34751879090025484,
            "reg_alpha": 0.04408106207317938,
            "reg_lambda": 0.03506856140574416
        }
    },
    "stains": {
        "2": {
            "n_estimators": 392,
            "max_depth": 19,
            "max_leaves": 47,
            "learning_rate": 0.021747556409396112,
            "gamma": 3.3100209007434174,
            "min_child_weight": 1.3521997421201104,
            "subsample": 0.6579579564925748,
            "colsample_bytree": 0.33867215063000783,
            "reg_alpha": 0.068855639547682,
            "reg_lambda": 0.04159578663863293
        },
        "3": {
            "n_estimators": 368,
            "max_depth": 4,
            "max_leaves": 10,
            "learning_rate": 0.031629195534903634,
            "gamma": 3.779265688432458,
            "min_child_weight": 2.6596825352303344,
            "subsample": 0.5481765679309226,
            "colsample_bytree": 0.3875320422047832,
            "reg_alpha": 0.006833079606400615,
            "reg_lambda": 0.009439381402313578
        }
    },
    "dirtiness": {
        "2": {
            "n_estimators": 320,
            "max_depth": 8,
            "max_leaves": 54,
            "learning_rate": 0.019204645985333838,
            "gamma": 2.3532385434616305,
            "min_child_weight": 2.5003228949233742,
            "subsample": 0.6637858580500808,
            "colsample_bytree": 0.35561459239189924,
            "reg_alpha": 0.018409400906441647,
            "reg_lambda": 0.08143679827812664
        },
        "3": {
            "n_estimators": 330,
            "max_depth": 6,
            "max_leaves": 118,
            "learning_rate": 0.02326627672407234,
            "gamma": 1.59841969293691,
            "min_child_weight": 1.3130869682765962,
            "subsample": 0.7166048076647576,
            "colsample_bytree": 0.36021877646848854,
            "reg_alpha": 0.04409776206698915,
            "reg_lambda": 0.019069192933730984
        }
    },
    "bumps": {
        "2": {
            "n_estimators": 457,
            "max_depth": 25,
            "max_leaves": 31,
            "learning_rate": 0.03056765886785035,
            "gamma": 4.9054150631068065,
            "min_child_weight": 6.546906978105054,
            "subsample": 0.7574223503088213,
            "colsample_bytree": 0.5751578270203507,
            "reg_alpha": 0.08685101058739639,
            "reg_lambda": 0.028708693336739127
        },
        "3": {
            "n_estimators": 480,
            "max_depth": 38,
            "max_leaves": 28,
            "learning_rate": 0.03995542943326789,
            "gamma": 5.819552308693735,
            "min_child_weight": 9.986494656271184,
            "subsample": 0.6786387733017084,
            "colsample_bytree": 0.6620239005862875,
            "reg_alpha": 0.09801611659434473,
            "reg_lambda": 0.017387717629831344
        }
    },
    "other_faults": {
        "2": {
            "n_estimators": 457,
            "max_depth": 58,
            "max_leaves": 36,
            "learning_rate": 0.010522032419876738,
            "gamma": 5.364705518512041,
            "min_child_weight": 1.4804086336600182,
            "subsample": 0.8057445355561278,
            "colsample_bytree": 0.49068410990202976,
            "reg_alpha": 0.010143817310925549,
            "reg_lambda": 0.008556845083350355
        },
        "3": {
            "n_estimators": 484,
            "max_depth": 45,
            "max_leaves": 48,
            "learning_rate": 0.01082987500277133,
            "gamma": 6.341549137116768,
            "min_child_weight": 0.8117487749037683,
            "subsample": 0.8338450906851794,
            "colsample_bytree": 0.5305254090691919,
            "reg_alpha": 0.0433402930782249,
            "reg_lambda": 0.01205654786464795
        }
    }
}