{
    "pastry": {
        "2": 0.872368673985698,
        "3": 0.8720512972515024
    },
    "z_scratch": {
        "2": 0.9614434244435696,
        "3": 0.9612456383409917
    },
    "k_scatch": {
        "2": 0.9861501596835595,
        "3": 0.9860706017688351
    },
    "stains": {
        "2": 0.9927847507110557,
        "3": 0.992721780865689
    },
    "dirtiness": {
        "2": 0.8966721070524626,
        "3": 0.8973262934703824
    },
    "bumps": {
        "2": 0.8115072931400666,
        "3": 0.8117351598399493
    },
    "other_faults": {
        "2": 0.7099461997981216,
        "3": 0.7103388093664101
    }
}