{
    "pastry": {
        "6": 0.8720530549956699
    },
    "z_scratch": {
        "6": 0.9609445440934085
    },
    "k_scatch": {
        "6": 0.9861074620110989
    },
    "stains": {
        "6": 0.9927450865874075
    },
    "dirtiness": {
        "6": 0.895959909771672
    },
    "bumps": {
        "6": 0.8117088160373344
    },
    "other_faults": {
        "6": 0.7102933198286293
    }
}