{"pastry": {"6": {"n_estimators": 472, "max_depth": 5, "max_leaves": 101, "learning_rate": 0.01764622850901699, "gamma": 0.6346723643236013, "min_child_weight": 6.658561662208672, "subsample": 0.6456394357315758, "colsample_bytree": 0.35224437837507294, "reg_alpha": 0.010075360587975559, "reg_lambda": 0.04325128377997906}}, "z_scratch": {"6": {"n_estimators": 491, "max_depth": 4, "max_leaves": 26, "learning_rate": 0.0193977132577076, "gamma": 1.0481024248575004, "min_child_weight": 8.16349085767477, "subsample": 0.7941955411208372, "colsample_bytree": 0.3883774457195138, "reg_alpha": 0.057584608675602444, "reg_lambda": 0.014162976383676844}}, "k_scatch": {"6": {"n_estimators": 449, "max_depth": 43, "max_leaves": 96, "learning_rate": 0.044915584841025785, "gamma": 3.947894471675825, "min_child_weight": 9.958097731761638, "subsample": 0.6691447158692977, "colsample_bytree": 0.3315753825006069, "reg_alpha": 0.03377693657187479, "reg_lambda": 0.0057454887732384385}}, "stains": {"6": {"n_estimators": 493, "max_depth": 27, "max_leaves": 38, "learning_rate": 0.02819460654585128, "gamma": 2.740382216337603, "min_child_weight": 9.156947969031116, "subsample": 0.764504766157772, "colsample_bytree": 0.3528132547918423, "reg_alpha": 0.03091219194996192, "reg_lambda": 0.04811182907917451}}, "dirtiness": {"6": {"n_estimators": 494, "max_depth": 21, "max_leaves": 83, "learning_rate": 0.0119319837295425, "gamma": 1.1274387825698662, "min_child_weight": 0.3108581964322254, "subsample": 0.589096722801716, "colsample_bytree": 0.35683231073564725, "reg_alpha": 0.04021087098323774, "reg_lambda": 0.08798501368603281}}, "bumps": {"6": {"n_estimators": 486, "max_depth": 21, "max_leaves": 25, "learning_rate": 0.02227136205255858, "gamma": 4.34195749403212, "min_child_weight": 9.916078484138751, "subsample": 0.8106508007260868, "colsample_bytree": 0.6607147217760834, "reg_alpha": 0.09114649963169198, "reg_lambda": 0.07038830135771018}}, "other_faults": {"6": {"n_estimators": 424, "max_depth": 29, "max_leaves": 44, "learning_rate": 0.01727391704692012, "gamma": 5.884021608448635, "min_child_weight": 0.7987559204601862, "subsample": 0.8385866307358186, "colsample_bytree": 0.4183480207268024, "reg_alpha": 0.02017821107869683, "reg_lambda": 0.01992855893272266}}}