{"pastry": {"4": {"n_estimators": 416, "max_depth": 28, "max_leaves": 101, "learning_rate": 0.0149866621543121, "gamma": 0.1526097121621047, "min_child_weight": 1.5479067543479026, "subsample": 0.38795723498030493, "colsample_bytree": 0.33811933702503705, "reg_alpha": 0.04747705367294031, "reg_lambda": 0.08204099289904807}, "5": {"n_estimators": 447, "max_depth": 5, "max_leaves": 70, "learning_rate": 0.019367588142591707, "gamma": 1.8067682609275868, "min_child_weight": 2.0626954369981645, "subsample": 0.6007126448580423, "colsample_bytree": 0.3657879134317026, "reg_alpha": 0.03848423134478599, "reg_lambda": 0.024297419059715587}, "7": {"n_estimators": 414, "max_depth": 62, "max_leaves": 128, "learning_rate": 0.018516125152144344, "gamma": 6.517093628307984, "min_child_weight": 1.9122424052142744, "subsample": 0.4353551457934245, "colsample_bytree": 0.3300669151436266, "reg_alpha": 0.08355182490578764, "reg_lambda": 0.06186203547888386}}, "z_scratch": {"4": {"n_estimators": 164, "max_depth": 3, "max_leaves": 61, "learning_rate": 0.0634919357643639, "gamma": 8.640308662295444, "min_child_weight": 5.883960057825525, "subsample": 0.8053714305355196, "colsample_bytree": 0.3598913411337877, "reg_alpha": 0.01312201962789034, "reg_lambda": 0.05110764961392645}, "5": {"n_estimators": 474, "max_depth": 3, "max_leaves": 31, "learning_rate": 0.02804564113298182, "gamma": 4.531584010559492, "min_child_weight": 8.845535703450569, "subsample": 0.6165082401231632, "colsample_bytree": 0.33919096591339887, "reg_alpha": 0.06308031196845656, "reg_lambda": 0.08557214581694683}, "7": {"n_estimators": 344, "max_depth": 3, "max_leaves": 93, "learning_rate": 0.027385276944660523, "gamma": 5.250787034532162, "min_child_weight": 7.7655008977411075, "subsample": 0.5877706611177701, "colsample_bytree": 0.3604186874752912, "reg_alpha": 0.04160917230507565, "reg_lambda": 0.039925240551859795}}, "k_scatch": {"4": {"n_estimators": 278, "max_depth": 6, "max_leaves": 5, "learning_rate": 0.020935307134452286, "gamma": 7.339720071866689, "min_child_weight": 6.500048133704621, "subsample": 0.33922860691683293, "colsample_bytree": 0.35846567861625006, "reg_alpha": 0.013282559988164733, "reg_lambda": 0.04846657654497189}, "5": {"n_estimators": 251, "max_depth": 6, "max_leaves": 105, "learning_rate": 0.022407848126865353, "gamma": 3.6823606993775435, "min_child_weight": 9.742557215400506, "subsample": 0.4170267412953685, "colsample_bytree": 0.3612458314698497, "reg_alpha": 0.06943038570962176, "reg_lambda": 0.013089561832210038}, "7": {"n_estimators": 125, "max_depth": 8, "max_leaves": 15, "learning_rate": 0.04479669273245762, "gamma": 5.620019598246524, "min_child_weight": 9.196976555814441, "subsample": 0.40004647748494976, "colsample_bytree": 0.33033517313085, "reg_alpha": 0.07768359667166404, "reg_lambda": 0.039163481874285304}}, "stains": {"4": {"n_estimators": 177, "max_depth": 15, "max_leaves": 56, "learning_rate": 0.005927999315816132, "gamma": 6.919393682193696, "min_child_weight": 0.463455890198744, "subsample": 0.37318540659341043, "colsample_bytree": 0.502819902873306, "reg_alpha": 0.07934271090843577, "reg_lambda": 0.04299005131040956}, "5": {"n_estimators": 242, "max_depth": 59, "max_leaves": 90, "learning_rate": 0.00776987781204665, "gamma": 9.252282976918025, "min_child_weight": 0.4220672578582295, "subsample": 0.42021679306514176, "colsample_bytree": 0.38204945201224993, "reg_alpha": 0.0417826072909378, "reg_lambda": 0.09097007195114498}, "7": {"n_estimators": 223, "max_depth": 3, "max_leaves": 123, "learning_rate": 0.04952004645269872, "gamma": 4.040233661028139, "min_child_weight": 2.802887762399427, "subsample": 0.7876358512802096, "colsample_bytree": 0.44519212049361556, "reg_alpha": 0.018809660312365143, "reg_lambda": 0.05598967055639775}}, "dirtiness": {"4": {"n_estimators": 374, "max_depth": 31, "max_leaves": 104, "learning_rate": 0.008421525433689752, "gamma": 7.619015670770621, "min_child_weight": 4.015055884309057, "subsample": 0.8005694349057849, "colsample_bytree": 0.3551396665425105, "reg_alpha": 0.006801405737863746, "reg_lambda": 0.08336367139433944}, "5": {"n_estimators": 398, "max_depth": 48, "max_leaves": 126, "learning_rate": 0.010984286348828342, "gamma": 4.957402531024256, "min_child_weight": 1.6913316746416025, "subsample": 0.6430820785628633, "colsample_bytree": 0.35877879676793045, "reg_alpha": 0.09991940853559811, "reg_lambda": 0.06371942884190858}, "7": {"n_estimators": 107, "max_depth": 20, "max_leaves": 7, "learning_rate": 0.03227763817111966, "gamma": 8.79204981107423, "min_child_weight": 2.409283211753655, "subsample": 0.7616349788981381, "colsample_bytree": 0.3416240498753084, "reg_alpha": 0.08523404831198417, "reg_lambda": 0.06058131038588593}}, "bumps": {"4": {"n_estimators": 277, "max_depth": 29, "max_leaves": 10, "learning_rate": 0.015798090023807665, "gamma": 6.882776043284641, "min_child_weight": 8.02363847790488, "subsample": 0.458364642586099, "colsample_bytree": 0.5000375493071499, "reg_alpha": 0.09549371272589348, "reg_lambda": 0.011795649229237468}, "5": {"n_estimators": 457, "max_depth": 25, "max_leaves": 127, "learning_rate": 0.00884298177555654, "gamma": 8.035065759299309, "min_child_weight": 5.719224795299463, "subsample": 0.6425707101296539, "colsample_bytree": 0.5023313353576196, "reg_alpha": 0.07642220183771031, "reg_lambda": 0.059231034013953056}, "7": {"n_estimators": 211, "max_depth": 59, "max_leaves": 112, "learning_rate": 0.0198485492992607, "gamma": 4.092661714347051, "min_child_weight": 4.613411608129624, "subsample": 0.8195634971154141, "colsample_bytree": 0.5240563388052533, "reg_alpha": 0.0878685509766545, "reg_lambda": 0.009331310777347985}}, "other_faults": {"4": {"n_estimators": 368, "max_depth": 59, "max_leaves": 63, "learning_rate": 0.01139570570195522, "gamma": 6.756750683928199, "min_child_weight": 0.806150563388938, "subsample": 0.6318956059344102, "colsample_bytree": 0.3552104154481454, "reg_alpha": 0.026934196501639265, "reg_lambda": 0.08356299341969001}, "5": {"n_estimators": 282, "max_depth": 25, "max_leaves": 14, "learning_rate": 0.016583349550734837, "gamma": 9.001194038445052, "min_child_weight": 2.7108928538380495, "subsample": 0.49888935246983174, "colsample_bytree": 0.37508906083894833, "reg_alpha": 0.04492206814027313, "reg_lambda": 0.03173669425566276}, "7": {"n_estimators": 492, "max_depth": 47, "max_leaves": 2, "learning_rate": 0.007675989393823673, "gamma": 3.7219415374044167, "min_child_weight": 0.8710736230047169, "subsample": 0.5320988030200444, "colsample_bytree": 0.5770145924272433, "reg_alpha": 0.09604260619298069, "reg_lambda": 0.05447323516368978}}}