{
    "pastry": {
        "4": {
            "n_estimators": 416,
            "max_depth": 28,
            "max_leaves": 101,
            "learning_rate": 0.0149866621543121,
            "gamma": 0.1526097121621047,
            "min_child_weight": 1.5479067543479026,
            "subsample": 0.38795723498030493,
            "colsample_bytree": 0.33811933702503705,
            "reg_alpha": 0.04747705367294031,
            "reg_lambda": 0.08204099289904807
        },
        "5": {
            "n_estimators": 447,
            "max_depth": 5,
            "max_leaves": 70,
            "learning_rate": 0.019367588142591707,
            "gamma": 1.8067682609275868,
            "min_child_weight": 2.0626954369981645,
            "subsample": 0.6007126448580423,
            "colsample_bytree": 0.3657879134317026,
            "reg_alpha": 0.03848423134478599,
            "reg_lambda": 0.024297419059715587
        },
        "7": {
            "n_estimators": 414,
            "max_depth": 62,
            "max_leaves": 128,
            "learning_rate": 0.018516125152144344,
            "gamma": 6.517093628307984,
            "min_child_weight": 1.9122424052142744,
            "subsample": 0.4353551457934245,
            "colsample_bytree": 0.3300669151436266,
            "reg_alpha": 0.08355182490578764,
            "reg_lambda": 0.06186203547888386
        },
        "2": {
            "n_estimators": 386,
            "max_depth": 27,
            "max_leaves": 95,
            "learning_rate": 0.017250127911842113,
            "gamma": 6.614793387316443,
            "min_child_weight": 1.7311406457565568,
            "subsample": 0.620046777190823,
            "colsample_bytree": 0.3379956113598127,
            "reg_alpha": 0.07079093352538313,
            "reg_lambda": 0.08192164638566267
        },
        "3": {
            "n_estimators": 357,
            "max_depth": 4,
            "max_leaves": 119,
            "learning_rate": 0.03478921544621684,
            "gamma": 6.5624112643086345,
            "min_child_weight": 1.258629524080594,
            "subsample": 0.6145675506810289,
            "colsample_bytree": 0.3302818338421157,
            "reg_alpha": 0.003201861100621182,
            "reg_lambda": 0.07162575263429677
        }
    },
    "z_scratch": {
        "4": {
            "n_estimators": 164,
            "max_depth": 3,
            "max_leaves": 61,
            "learning_rate": 0.0634919357643639,
            "gamma": 8.640308662295444,
            "min_child_weight": 5.883960057825525,
            "subsample": 0.8053714305355196,
            "colsample_bytree": 0.3598913411337877,
            "reg_alpha": 0.01312201962789034,
            "reg_lambda": 0.05110764961392645
        },
        "5": {
            "n_estimators": 474,
            "max_depth": 3,
            "max_leaves": 31,
            "learning_rate": 0.02804564113298182,
            "gamma": 4.531584010559492,
            "min_child_weight": 8.845535703450569,
            "subsample": 0.6165082401231632,
            "colsample_bytree": 0.33919096591339887,
            "reg_alpha": 0.06308031196845656,
            "reg_lambda": 0.08557214581694683
        },
        "7": {
            "n_estimators": 344,
            "max_depth": 3,
            "max_leaves": 93,
            "learning_rate": 0.027385276944660523,
            "gamma": 5.250787034532162,
            "min_child_weight": 7.7655008977411075,
            "subsample": 0.5877706611177701,
            "colsample_bytree": 0.3604186874752912,
            "reg_alpha": 0.04160917230507565,
            "reg_lambda": 0.039925240551859795
        },
        "2": {
            "n_estimators": 154,
            "max_depth": 3,
            "max_leaves": 40,
            "learning_rate": 0.07671596212667936,
            "gamma": 0.3684031339439703,
            "min_child_weight": 9.371217726695608,
            "subsample": 0.34031256185999537,
            "colsample_bytree": 0.33702703938951467,
            "reg_alpha": 0.04747518539489522,
            "reg_lambda": 0.06376062014843674
        },
        "3": {
            "n_estimators": 487,
            "max_depth": 3,
            "max_leaves": 61,
            "learning_rate": 0.029291702435561333,
            "gamma": 7.058033583159933,
            "min_child_weight": 7.0517628923367095,
            "subsample": 0.4244025011592757,
            "colsample_bytree": 0.33470937630231384,
            "reg_alpha": 0.0077124688426182565,
            "reg_lambda": 0.013378898545841879
        }
    },
    "k_scatch": {
        "4": {
            "n_estimators": 278,
            "max_depth": 6,
            "max_leaves": 5,
            "learning_rate": 0.020935307134452286,
            "gamma": 7.339720071866689,
            "min_child_weight": 6.500048133704621,
            "subsample": 0.33922860691683293,
            "colsample_bytree": 0.35846567861625006,
            "reg_alpha": 0.013282559988164733,
            "reg_lambda": 0.04846657654497189
        },
        "5": {
            "n_estimators": 251,
            "max_depth": 6,
            "max_leaves": 105,
            "learning_rate": 0.022407848126865353,
            "gamma": 3.6823606993775435,
            "min_child_weight": 9.742557215400506,
            "subsample": 0.4170267412953685,
            "colsample_bytree": 0.3612458314698497,
            "reg_alpha": 0.06943038570962176,
            "reg_lambda": 0.013089561832210038
        },
        "7": {
            "n_estimators": 125,
            "max_depth": 8,
            "max_leaves": 15,
            "learning_rate": 0.04479669273245762,
            "gamma": 5.620019598246524,
            "min_child_weight": 9.196976555814441,
            "subsample": 0.40004647748494976,
            "colsample_bytree": 0.33033517313085,
            "reg_alpha": 0.07768359667166404,
            "reg_lambda": 0.039163481874285304
        },
        "2": {
            "n_estimators": 130,
            "max_depth": 8,
            "max_leaves": 124,
            "learning_rate": 0.04807461820031056,
            "gamma": 9.215809901162434,
            "min_child_weight": 9.063490170067102,
            "subsample": 0.38752188799771214,
            "colsample_bytree": 0.36641455735939654,
            "reg_alpha": 0.012522760256941701,
            "reg_lambda": 0.09191877110508116
        },
        "3": {
            "n_estimators": 210,
            "max_depth": 42,
            "max_leaves": 109,
            "learning_rate": 0.024463900601103664,
            "gamma": 4.397233580643272,
            "min_child_weight": 8.639092351313742,
            "subsample": 0.5793201130019471,
            "colsample_bytree": 0.37658032114244944,
            "reg_alpha": 0.07916564620185008,
            "reg_lambda": 0.027634654745993113
        }
    },
    "stains": {
        "4": {
            "n_estimators": 177,
            "max_depth": 15,
            "max_leaves": 56,
            "learning_rate": 0.005927999315816132,
            "gamma": 6.919393682193696,
            "min_child_weight": 0.463455890198744,
            "subsample": 0.37318540659341043,
            "colsample_bytree": 0.502819902873306,
            "reg_alpha": 0.07934271090843577,
            "reg_lambda": 0.04299005131040956
        },
        "5": {
            "n_estimators": 242,
            "max_depth": 59,
            "max_leaves": 90,
            "learning_rate": 0.00776987781204665,
            "gamma": 9.252282976918025,
            "min_child_weight": 0.4220672578582295,
            "subsample": 0.42021679306514176,
            "colsample_bytree": 0.38204945201224993,
            "reg_alpha": 0.0417826072909378,
            "reg_lambda": 0.09097007195114498
        },
        "7": {
            "n_estimators": 223,
            "max_depth": 3,
            "max_leaves": 123,
            "learning_rate": 0.04952004645269872,
            "gamma": 4.040233661028139,
            "min_child_weight": 2.802887762399427,