{
    "pastry": {
        "4": 0.8720316370550407,
        "5": 0.8717813389237794,
        "7": 0.8717585402520542,
        "2": 0.8715777387413635,
        "3": 0.8713682062661521
    },
    "z_scratch": {
        "4": 0.9612502869857533,
        "5": 0.9614436879626707,
        "7": 0.9611116159359543,
        "2": 0.961203211332869,
        "3": 0.9612858473467346
    },
    "k_scatch": {
        "4": 0.9859025305028819,
        "5": 0.9859094585922511,
        "7": 0.9860581348821281,
        "2": 0.98604891535419,
        "3": 0.9859356309592135
    },
    "stains": {
        "4": 0.9928478297590784,
        "5": 0.9927085110505851,
        "7": 0.9929668328934336,
        "2": 0.9928223614697806,
        "3": 0.9929196092843557
    },
    "dirtiness": {
        "4": 0.8954278103709953,
        "5": 0.8962181090399186,
        "7": 0.8959329546996158,
        "2": 0.8964052730066661,
        "3": 0.8960948506825341
    },
    "bumps": {
        "4": 0.8114087146144549,
        "5": 0.8111954214303465,
        "7": 0.8114909876199539,
        "2": 0.8117091433569099,
        "3": 0.8115500041644624
    },
    "other_faults": {
        "4": 0.7087451375591283,
        "5": 0.708764240468747,
        "7": 0.7089373656770955,
        "2": 0.7092812461693652,
        "3": 0.7091066112578521
    }
}