{"pastry": {"4": 0.8720316370550407, "5": 0.8717813389237794, "7": 0.8717585402520542}, "z_scratch": {"4": 0.9612502869857533, "5": 0.9614436879626707, "7": 0.9611116159359543}, "k_scatch": {"4": 0.9859025305028819, "5": 0.9859094585922511, "7": 0.9860581348821281}, "stains": {"4": 0.9928478297590784, "5": 0.9927085110505851, "7": 0.9929668328934336}, "dirtiness": {"4": 0.8954278103709953, "5": 0.8962181090399186, "7": 0.8959329546996158}, "bumps": {"4": 0.8114087146144549, "5": 0.8111954214303465, "7": 0.8114909876199539}, "other_faults": {"4": 0.7087451375591283, "5": 0.708764240468747, "7": 0.7089373656770955}}