{
    "pastry": 0.8719188684326825,
    "z_scratch": 0.9613491379485734,
    "k_scatch": 0.9861826041592829,
    "stains": 0.9929364569004854,
    "dirtiness": 0.8984424720696227,
    "bumps": 0.8117495758112815,
    "other_faults": 0.7091654213801943
}