{"pastry": 0.8718659338620542, "z_scratch": 0.9614309089178693, "k_scatch": 0.9862597326047988, "stains": 0.9929682379502802, "dirtiness": 0.8962142116237377, "bumps": 0.8118511010073408, "other_faults": 0.7089332756926832}