{"pastry": {"n_estimators": 312, "max_depth": 8, "num_leaves": 52, "learning_rate": 0.020996670130265835, "min_child_samples": 267, "min_child_weight": 0.8956614129474969, "subsample": 0.8078449764301208, "colsample_bylevel": 0.3382571309214233, "reg_alpha": 0.06232316221643592, "reg_lambda": 0.041718375859046274}, "z_scratch": {"n_estimators": 213, "max_depth": 50, "num_leaves": 7, "learning_rate": 0.056336401186040296, "min_child_samples": 467, "min_child_weight": 3.126962700487298, "subsample": 0.5296021665640118, "colsample_bylevel": 0.35051068377644523, "reg_alpha": 0.0192072784698437, "reg_lambda": 0.050168254527604886}, "k_scatch": {"n_estimators": 121, "max_depth": 12, "num_leaves": 27, "learning_rate": 0.061217440566723576, "min_child_samples": 361, "min_child_weight": 5.051177963203537, "subsample": 0.5554428566441215, "colsample_bylevel": 0.3464055844167717, "reg_alpha": 0.050639252299489956, "reg_lambda": 0.034613593091216824}, "stains": {"n_estimators": 153, "max_depth": 31, "num_leaves": 65, "learning_rate": 0.04716016055373903, "min_child_samples": 460, "min_child_weight": 2.5907926906431045, "subsample": 0.8283789892890012, "colsample_bylevel": 0.46971763661225735, "reg_alpha": 0.02929348756368123, "reg_lambda": 0.02610279222049508}, "dirtiness": {"n_estimators": 398, "max_depth": 61, "num_leaves": 47, "learning_rate": 0.00963747249450562, "min_child_samples": 46, "min_child_weight": 0.667916861377889, "subsample": 0.42435294478956626, "colsample_bylevel": 0.37032584905887656, "reg_alpha": 0.07501214143183596, "reg_lambda": 0.08538356605125749}, "bumps": {"n_estimators": 470, "max_depth": 21, "num_leaves": 31, "learning_rate": 0.012885854727899541, "min_child_samples": 208, "min_child_weight": 4.752112146171346, "subsample": 0.3480283571308995, "colsample_bylevel": 0.45806163894411683, "reg_alpha": 0.049616446008011385, "reg_lambda": 0.0908867062851931}, "other_faults": {"n_estimators": 223, "max_depth": 6, "num_leaves": 25, "learning_rate": 0.03287062308791713, "min_child_samples": 146, "min_child_weight": 4.889303710328966, "subsample": 0.7885619815683536, "colsample_bylevel": 0.4058922996757773, "reg_alpha": 0.01319680139996839, "reg_lambda": 0.03890691875211419}}