{"pastry": 0.8819747933960196, "z_scratch": 0.9666575673599709, "k_scatch": 0.9870556976512581, "stains": 0.9938950566520468, "dirtiness": 0.9094415705715415, "bumps": 0.8243500585704572, "other_faults": 0.7252824274953756}