{"pastry": {"4": {"n_estimators": 307, "max_depth": 63, "max_leaves": 25, "learning_rate": 0.03157661441708786, "gamma": 1.0399818955502331, "min_child_weight": 0.7267824719999009, "subsample": 0.7429283205677135, "colsample_bytree": 0.3483354941019946, "reg_alpha": 0.05378652837786252, "reg_lambda": 0.025436887505121603}, "5": {"n_estimators": 495, "max_depth": 48, "max_leaves": 13, "learning_rate": 0.027999969771781333, "gamma": 3.689588101792949, "min_child_weight": 3.0376001802064385, "subsample": 0.6542775241334499, "colsample_bytree": 0.40346449209232427, "reg_alpha": 0.07343598395873406, "reg_lambda": 0.016295572526676558}, "7": {"n_estimators": 419, "max_depth": 52, "max_leaves": 12, "learning_rate": 0.029399342023452468, "gamma": 1.3959460623988993, "min_child_weight": 1.855370073526994, "subsample": 0.651143223027659, "colsample_bytree": 0.6091173637441656, "reg_alpha": 0.05975782202150095, "reg_lambda": 0.06839380550351139}, "2": {"n_estimators": 483, "max_depth": 52, "max_leaves": 17, "learning_rate": 0.015230622956399384, "gamma": 2.5055888904153765, "min_child_weight": 3.262381025233426, "subsample": 0.6181778467331503, "colsample_bytree": 0.3739495154437551, "reg_alpha": 0.07145102284633065, "reg_lambda": 0.04866551712686861}, "3": {"n_estimators": 408, "max_depth": 30, "max_leaves": 21, "learning_rate": 0.02282531825377569, "gamma": 0.4161024674967808, "min_child_weight": 4.851012324759115, "subsample": 0.8211902101935264, "colsample_bytree": 0.3474131742027011, "reg_alpha": 0.08463136717387403, "reg_lambda": 0.05093181264671804}, "8": {"n_estimators": 493, "max_depth": 60, "max_leaves": 8, "learning_rate": 0.023265780103350474, "gamma": 4.095621981110262, "min_child_weight": 2.9580137555190538, "subsample": 0.41327445892337167, "colsample_bytree": 0.5630018690122591, "reg_alpha": 0.0970416280371332, "reg_lambda": 0.05262839879316565}, "6": {"n_estimators": 472, "max_depth": 5, "max_leaves": 101, "learning_rate": 0.01764622850901699, "gamma": 0.6346723643236013, "min_child_weight": 6.658561662208672, "subsample": 0.6456394357315758, "colsample_bytree": 0.35224437837507294, "reg_alpha": 0.010075360587975559, "reg_lambda": 0.04325128377997906}}, "z_scratch": {"4": {"n_estimators": 363, "max_depth": 29, "max_leaves": 101, "learning_rate": 0.028710459495044548, "gamma": 5.500396435982052, "min_child_weight": 3.6613686200236, "subsample": 0.8187330621446619, "colsample_bytree": 0.3553426951353354, "reg_alpha": 0.003269008526744519, "reg_lambda": 0.08955471774787718}, "5": {"n_estimators": 493, "max_depth": 3, "max_leaves": 36, "learning_rate": 0.02390883310966151, "gamma": 0.7614405083608445, "min_child_weight": 4.944324944374115, "subsample": 0.6607161356989116, "colsample_bytree": 0.3300294419012776, "reg_alpha": 0.003618227321592494, "reg_lambda": 0.00823442020875511}, "7": {"n_estimators": 391, "max_depth": 20, "max_leaves": 16, "learning_rate": 0.030241092623498556, "gamma": 5.103267255943938, "min_child_weight": 4.609373848980168, "subsample": 0.812191517799933, "colsample_bytree": 0.34021523595462616, "reg_alpha": 0.02986505274202414, "reg_lambda": 0.08081357557677994}, "2": {"n_estimators": 258, "max_depth": 14, "max_leaves": 105, "learning_rate": 0.0686429949157261, "gamma": 5.678309189193563, "min_child_weight": 3.7036291527497767, "subsample": 0.8331430688624919, "colsample_bytree": 0.3427504940302369, "reg_alpha": 0.0142707732923243, "reg_lambda": 0.06838172884434131}, "3": {"n_estimators": 432, "max_depth": 55, "max_leaves": 115, "learning_rate": 0.06529980192070559, "gamma": 5.362603259615877, "min_child_weight": 4.30074496914364, "subsample": 0.8336573210243563, "colsample_bytree": 0.3536260623757612, "reg_alpha": 0.022102431393344023, "reg_lambda": 0.045466093412712585}, "8": {"n_estimators": 374, "max_depth": 3, "max_leaves": 98, "learning_rate": 0.037315497818383, "gamma": 0.34216296417216596, "min_child_weight": 6.35114673324266, "subsample": 0.741109039256775, "colsample_bytree": 0.35797026805816723, "reg_alpha": 0.098595715149179, "reg_lambda": 0.0844553553179558}, "6": {"n_estimators": 491, "max_depth": 4, "max_leaves": 26, "learning_rate": 0.0193977132577076, "gamma": 1.0481024248575004, "min_child_weight": 8.16349085767477, "subsample": 0.7941955411208372, "colsample_bytree": 0.3883774457195138, "reg_alpha": 0.057584608675602444, "reg_lambda": 0.014162976383676844}}, "k_scatch": {"4": {"n_estimators": 500, "max_depth": 57, "max_leaves": 61, "learning_rate": 0.014326348945046627, "gamma": 3.506163177969928, "min_child_weight": 9.741291830899003, "subsample": 0.8170107776807365, "colsample_bytree": 0.33030842061069804, "reg_alpha": 0.07087171640650614, "reg_lambda": 0.09172285826557489}, "5": {"n_estimators": 279, "max_depth": 8, "max_leaves": 67, "learning_rate": 0.039168898232075845, "gamma": 3.3319588323195215, "min_child_weight": 9.319443159218224, "subsample": 0.7072777653816685, "colsample_bytree": 0.33741562805168707, "reg_alpha": 0.06790198518697228, "reg_lambda": 0.08487963051045194}, "7": {"n_estimators": 474, "max_depth": 13, "max_leaves": 106, "learning_rate": 0.02386508302776845, "gamma": 3.4798100335560123, "min_child_weight": 9.991080100154905, "subsample": 0.7088890739143994, "colsample_bytree": 0.33017784970253594, "reg_alpha": 0.05530935784174906, "reg_lambda": 0.03509249123390519}, "2": {"n_estimators": 466, "max_depth": 54, "max_leaves": 120, "learning_rate": 0.018333396676825486, "gamma": 2.810047246360613, "min_child_weight": 9.312036394733259, "subsample": 0.8136044972522559, "colsample_bytree": 0.34380277989188146, "reg_alpha": 0.08623718928861977, "reg_lambda": 0.005766254163881839}, "3": {"n_estimators": 481, "max_depth": 13, "max_leaves": 81, "learning_rate": 0.013065679422272426, "gamma": 3.3293417843882738, "min_child_weight": 6.797548032933406, "subsample": 0.8036408605863453, "colsample_bytree": 0.34751879090025484, "reg_alpha": 0.04408106207317938, "reg_lambda": 0.03506856140574416}, "8": {"n_estimators": 459, "max_depth": 47, "max_leaves": 37, "learning_rate": 0.023593192133473537, "gamma": 3.045507657227121, "min_child_weight": 8.884895267493029, "subsample": 0.8405096878435124, "colsample_bytree": 0.3523520144168704, "reg_alpha": 0.0027886923287175, "reg_lambda": 0.06969327608483857}, "6": {"n_estimators": 449, "max_depth": 43, "max_leaves": 96, "learning_rate": 0.044915584841025785, "gamma": 3.947894471675825, "min_child_weight": 9.958097731761638, "subsample": 0.6691447158692977, "colsample_bytree": 0.3315753825006069, "reg_alpha": 0.03377693657187479, "reg_lambda": 0.0057454887732384385}}, "stains": {"4": {"n_estimators": 362, "max_depth": 33, "max_leaves": 73, "learning_rate": 0.04056784838698574, "gamma": 3.4533712347499836, "min_child_weight": 2.264923157991518, "subsample": 0.6180227248905324, "colsample_bytree": 0.3364687816208653, "reg_alpha": 0.007850294288012566, "reg_lambda": 0.0857587555841801}, "5": {"n_estimators": 424, "max_depth": 17, "max_leaves": 92, "learning_rate": 0.037962459002523485, "gamma": 3.5445571121428876, "min_child_weight": 1.523676574288448, "subsample": 0.5555818137809972, "colsample_bytree": 0.3308913229941467, "reg_alpha": 0.03868752044043946, "reg_lambda": 0.08637064115311961}, "7": {"n_estimators": 484, "max_depth": 8, "max_leaves": 123, "learning_rate": 0.02848315438696359, "gamma": 4.160842890926687, "min_child_weight": 4.773056839212447, "subsample": 0.7563655246698359, "colsample_bytree": 0.3604042821313164, "reg_alpha": 0.08443928508596646, "reg_lambda": 0.04748585549352116}, "2": {"n_estimators": 392, "max_depth": 19, "max_leaves": 47, "learning_rate": 0.021747556409396112, "gamma": 3.3100209007434174, "min_child_weight": 1.3521997421201104, "subsample": 0.6579579564925748, "colsample_bytree": 0.33867215063000783, "reg_alpha": 0.068855639547682, "reg_lambda": 0.04159578663863293}, "3": {"n_estimators": 368, "max_depth": 4, "max_leaves": 10, "learning_rate": 0.031629195534903634, "gamma": 3.779265688432458,