{
    "pastry": {
        "4": 0.87316342526509,
        "5": 0.8723859380558331,
        "7": 0.8718382015595232,
        "2": 0.872368673985698,
        "3": 0.8720512972515024,
        "8": 0.8718805289258797,
        "6": 0.8720530549956699
    },
    "z_scratch": {
        "4": 0.9613890153078358,
        "5": 0.9615976308667188,
        "7": 0.9612414577306605,
        "2": 0.9614434244435696,
        "3": 0.9612456383409917,
        "8": 0.9610154842078904,
        "6": 0.9609445440934085
    },
    "k_scatch": {
        "4": 0.9860858535887431,
        "5": 0.9860992844372543,
        "7": 0.9861330613828573,
        "2": 0.9861501596835595,
        "3": 0.9860706017688351,
        "8": 0.9861393751670559,
        "6": 0.9861074620110989
    },
    "stains": {
        "4": 0.9929431745506421,
        "5": 0.9928315474707956,
        "7": 0.992771472558994,
        "2": 0.9927847507110557,
        "3": 0.992721780865689,
        "8": 0.9927694558697684,
        "6": 0.9927450865874075
    },
    "dirtiness": {
        "4": 0.896228905082517,
        "5": 0.8965788929674312,
        "7": 0.8962361142448083,
        "2": 0.8966721070524626,
        "3": 0.8973262934703824,
        "8": 0.8963041608221399,
        "6": 0.895959909771672
    },
    "bumps": {
        "4": 0.8112450626879427,
        "5": 0.8113776963214827,
        "7": 0.8117126719857447,
        "2": 0.8115072931400666,
        "3": 0.8117351598399493,
        "8": 0.8117011880090118,
        "6": 0.8117088160373344
    },
    "other_faults": {
        "4": 0.709829411188906,
        "5": 0.7101061980300873,
        "7": 0.709844412440002,
        "2": 0.7099461997981216,
        "3": 0.7103388093664101,
        "8": 0.7097946557491299,
        "6": 0.7102933198286293
    }
}